Type,Content
Heading,Web Scraping Practice
Heading,Available Products
Heading,Product Table
Heading,Watch This Video
Heading,Contact Us
Heading,Product Information
Heading,Featured Products
Text,Welcome to the web scraping task! Use your skills to extract the required data from this page.
Text,Laptop
Text,Smartphone
Text,Tablet
Text,Smartwatch
Text,Sharp Objects
Text,£47.82
Text,✔ In stock
Text,"In a Dark, Dark Wood"
Text,£19.63
Text,✔ In stock
Text,The Past Never Ends
Text,£56.50
Text,✔ In stock
Text,A Murder in Time
Text,£16.64
Text,Out stock
Text,Wireless Headphones
Text,$49.99
Text,"Available colors: Black, White, Blue"
Text,Smart Speaker
Text,$89.99
Text,"Available colors: Grey, Black"
Text,Smart Watch
Text,$149.99
Text,"Available colors: Black, Silver, Gold"
Text,© 2024 Web Scraping Practice. All Rights Reserved.
